code,description
I21.9,Acute myocardial infarction, unspecified
J18.9,Pneumonia, unspecified organism
E11.9,Type 2 diabetes mellitus without complications
I10,Essential (primary) hypertension
R07.9,Chest pain, unspecified
R06.0,Dyspnea
R50.9,Fever, unspecified
R51.9,Headache, unspecified
K35.8,Other and unspecified acute appendicitis
I63.9,Cerebral infarction, unspecified
N19,Unspecified kidney failure
D50.9,Iron deficiency anemia, unspecified
E03.9,Hypothyroidism, unspecified
E05.9,Thyrotoxicosis, unspecified
F41.9,Anxiety disorder, unspecified
F32.9,Major depressive disorder, single episode, unspecified
N39.0,Urinary tract infection, site not specified
J45.909,Unspecified asthma, uncomplicated
J44.9,Chronic obstructive pulmonary disease, unspecified
G03.9,Meningitis, unspecified
